DB,DL,LB
0.3582887700534759,0.23796791443850268,0.4037433155080214
0.22478912839737583,0.2993439550140581,0.47586691658856606
0.2986933017721195,0.2585487172925597,0.4427579809353208
0.5768705997926104,0.04415215848933035,0.37897724171805924
0.714739505751871,0.03919527646668222,0.24606521778144685
